{"EWR": 10.882423693567391, "DTW": 10.653095528420538, "MIA": 10.749204535934668, "SEA": 10.911269061769707, "BOS": 10.976367620132233, "SFO": 11.293030075679182, "MSP": 10.920556887948626, "CLT": 10.637333582755277, "ATL": 10.986705272120973, "LGA": 11.405018795317423, "PHX": 10.704543967457013, "JFK": 11.641953222951795, "MCO": 10.80192431511827, "LAS": 10.802143255290838, "DEN": 10.740916817018693, "ORD": 11.39706514536843, "DFW": 11.180310941123327, "PHL": 10.83509569046346, "IAH": 10.634308645941415, "LAX": 11.511861025399389}