{"EWR": 10.833789151901911, "DTW": 10.634797460865515, "MIA": 10.64910414072656, "SEA": 10.824439597932692, "BOS": 11.075587891139088, "SFO": 11.305858815252616, "MSP": 10.895829598376196, "CLT": 10.52887259422674, "ATL": 11.05876539475933, "LGA": 11.411122537569854, "PHX": 10.672302087292909, "JFK": 11.432985714932439, "MCO": 10.89196124165143, "LAS": 10.858821650818184, "DEN": 10.74298222432765, "ORD": 11.387552460182754, "DFW": 11.050228394602799, "PHL": 10.800228508121956, "IAH": 10.77456439726534, "LAX": 11.51684866108158}